File	Date	OldName	ComputerName	Sample	Type	Replicate
02063_1_CAT15ANXX_ATCACG	2017	02063	17_GM02063_1	GM02063	02063	1
02063_2_CAT15ANXX_CGATGT	2017	02063	17_GM02063_2	GM02063	02063	2
02063_3_CAT15ANXX_TTAGGC	2017	02063	17_GM02063_3	GM02063	02063	3
13C_1_CAT15ANXX_TAGCTT	2017	13C	17_JFCF_6_T_1J_1_3C_1	JFCF_6_T_1J_1_3C	13C	1
13C_2_CAT15ANXX_GGCTAC	2017	13C	17_JFCF_6_T_1J_1_3C_2	JFCF_6_T_1J_1_3C	13C	2
13C_3_CAT15ANXX_CTTGTA	2017	13C	17_JFCF_6_T_1J_1_3C_3	JFCF_6_T_1J_1_3C	13C	3
1M_1_CAT15ANXX_TGACCA	2017	1M	17_JFCF_6_T_1_M_1	JFCF_6_T_1_M	1M	1
1M_2_CAT15ANXX_ACAGTG	2017	1M	17_JFCF_6_T_1_M_2	JFCF_6_T_1_M	1M	2
1M_3_CAT15ANXX_GCCAAT	2017	1M	17_JFCF_6_T_1_M_3	JFCF_6_T_1_M	1M	3
1PSC2_1_CAT15ANXX_ATCACG	2017	1PSC2	17_JFCF_6_P_pLKO_5_1	JFCF_6_P_pLKO_5	1PSC2	1
1PSC2_2_CAT15ANXX_CGATGT	2017	1PSC2	17_JFCF_6_P_pLKO_5_2	JFCF_6_P_pLKO_5	1PSC2	2
1PSC2_3_CAT15ANXX_TTAGGC	2017	1PSC2	17_JFCF_6_P_pLKO_5_3	JFCF_6_P_pLKO_5	1PSC2	3
1Q_1_CAT15ANXX_CAGATC	2017	1Q	17_JFCF_6_T_1_Q_1	JFCF_6_T_1_Q	1Q	1
1Q_2_CAT15ANXX_ACTTGA	2017	1Q	17_JFCF_6_T_1_Q_2	JFCF_6_T_1_Q	1Q	2
1Q_3_CAT15ANXX_GATCAG	2017	1Q	17_JFCF_6_T_1_Q_3	JFCF_6_T_1_Q	1Q	3
6B_1_CAT15ANXX_AGTCAA	2017	6B	17_JFCF_6_T_1J_6B_1	JFCF_6_T_1J_6B	6B	1
6B_2_CAT15ANXX_AGTTCC	2017	6B	17_JFCF_6_T_1J_6B_2	JFCF_6_T_1J_6B	6B	2
6B_3_CAT15ANXX_ATGTCA	2017	6B	17_JFCF_6_T_1J_6B_3	JFCF_6_T_1J_6B	6B	3
CF_402_1_HCNGNDSXX_ATATCTCG-ATCTTAGT_L004	2018	CF_402	18_IIICF_402DE_D2_1	IIICF_402DE_D2	CF	1
CF_402_2_HCNGNDSXX_GCGCTCTA-GCTCCGAC_L004	2018	CF_402	18_IIICF_402DE_D2_2	IIICF_402DE_D2	CF	2
CF_402_3_HCNGNDSXX_AACAGGTT-ATACCAAG_L004	2018	CF_402	18_IIICF_402DE_D2_3	IIICF_402DE_D2	CF	3
CFa2_1_CAT15ANXX_AGTCAA	2017	CFa2	17_IIICF_a2_1	IIICF_a2	CFa2	1
CF_a2_1_HCNGNDSXX_CAATTAAC-CGAGATAT_L004	2018	CF_a2	18_IIICF_a2_1	IIICF_a2	CF	1
CFa2_2_CAT15ANXX_AGTTCC	2017	CFa2	17_IIICF_a2_2	IIICF_a2	CFa2	2
CF_a2_2_HCNGNDSXX_TACTCATA-CCTGTGGC_L004	2018	CF_a2	18_IIICF_a2_2	IIICF_a2	CF	2
CFa2_3_CAT15ANXX_ATGTCA	2017	CFa2	17_IIICF_a2_3	IIICF_a2	CFa2	3
CF_a2_3_HCNGNDSXX_CGTCTGCG-TTCACAAT_L004	2018	CF_a2	18_IIICF_a2_3	IIICF_a2	CF	3
CF_d2_1_HCNGNDSXX_CGGACAAC-TCCGGATT_L004	2018	CF_d2	18_IIICF_d2_1	IIICF_d2	CF	1
CF_d2_2_HCNGNDSXX_ATATGGAT-CTGTATTA_L004	2018	CF_d2	18_IIICF_d2_2	IIICF_d2	CF	2
CF_d2_3_HCNGNDSXX_GTATGTTC-AACAGGAA_L004	2018	CF_d2	18_IIICF_d2_3	IIICF_d2	CF	3
CF_E6_A1_1_HCNGNDSXX_AAGATACT-ACTTACAT_L004	2018	CF_E6_A1	18_IIICF_E6_A1_1	IIICF_E6_A1	CF	1
CF_E6_A1_2_HCNGNDSXX_GGAGCGTC-GTCCGTGC_L004	2018	CF_E6_A1	18_IIICF_E6_A1_2	IIICF_E6_A1	CF	2
CF_E6_A1_3_HCNGNDSXX_ACGCACCT-GGTGAAGG_L004	2018	CF_E6_A1	18_IIICF_E6_A1_3	IIICF_E6_A1	CF	3
CF_E6_A2_1_HCNGNDSXX_GGTGAACC-GCGTTGGA_L004	2018	CF_E6_A2	18_IIICF_E6_A2_1	IIICF_E6_A2	CF	1
CF_E6_A2_2_HCNGNDSXX_CAACAATG-CTTCACGG_L004	2018	CF_E6_A2	18_IIICF_E6_A2_2	IIICF_E6_A2	CF	2
CF_E6_A2_3_HCNGNDSXX_TGGTGGCA-TCCTGTAA_L004	2018	CF_E6_A2	18_IIICF_E6_A2_3	IIICF_E6_A2	CF	3
CF_E6E7_A1_1_HCNGNDSXX_ATTGTGAA-TGCATTGC_L004	2018	CF_E6E7_A1	18_IIICF_E6E7_A1_1	IIICF_E6E7_A1	CF	1
CF_E6E7_A1_2_HCNGNDSXX_ACTCGTGT-ATTGGAAC_L004	2018	CF_E6E7_A1	18_IIICF_E6E7_A1_2	IIICF_E6E7_A1	CF	2
CF_E6E7_A1_3_HCNGNDSXX_GTCTACAC-GCCAAGGT_L004	2018	CF_E6E7_A1	18_IIICF_E6E7_A1_3	IIICF_E6E7_A1	CF	3
CF_TB1_1_HCNGNDSXX_AGGCAGAG-AGAATGCC_L004	2018	CF_TB1	18_IIICF_T_B1_1	IIICF_T_B1	CF	1
CF_TB1_2_HCNGNDSXX_GAATGAGA-GAGGCATT_L004	2018	CF_TB1	18_IIICF_T_B1_2	IIICF_T_B1	CF	2
CF_TB1_3_HCNGNDSXX_TGCGGCGT-CCTCGGTA_L004	2018	CF_TB1	18_IIICF_T_B1_3	IIICF_T_B1	CF	3
CF_TB3_1_HCNGNDSXX_CATAATAC-TTCTAACG_L004	2018	CF_TB3	18_IIICF_T_B3_1	IIICF_T_B3	CF	1
CF_TB3_2_HCNGNDSXX_GATCTATC-ATGAGGCT_L004	2018	CF_TB3	18_IIICF_T_B3_2	IIICF_T_B3	CF	2
CF_TB3_3_HCNGNDSXX_AGCTCGCT-GCAGAATC_L004	2018	CF_TB3	18_IIICF_T_B3_3	IIICF_T_B3	CF	3
CF_TC3_1_HCNGNDSXX_CGGAACTG-CACTACGA_L004	2018	CF_TC3	18_IIICF_T_C3_1	IIICF_T_C3	CF	1
CF_TC3_2_HCNGNDSXX_TAAGGTCA-TGTCGTAG_L004	2018	CF_TC3	18_IIICF_T_C3_2	IIICF_T_C3	CF	2
CF_TC3_3_HCNGNDSXX_TTGCCTAG-ACCACTTA_L004	2018	CF_TC3	18_IIICF_T_C3_3	IIICF_T_C3	CF	3
CF_TC4_1_HCNGNDSXX_CCATTCGA-GTTGTCCG_L004	2018	CF_TC4	18_IIICF_T_C4_1	IIICF_T_C4	CF	1
CF_TC4_2_HCNGNDSXX_ACACTAAG-ATCCATAT_L004	2018	CF_TC4	18_IIICF_T_C4_2	IIICF_T_C4	CF	2
CF_TC4_3_HCNGNDSXX_GTGTCGGA-GCTTGCGC_L004	2018	CF_TC4	18_IIICF_T_C4_3	IIICF_T_C4	CF	3
E67_1_CATBHANXX_ATCACG	2017	E67	17_IIICF_E6E7_C4_post_1	IIICF_E6E7_C4_post	E67	1
E67_2_CATBHANXX_CGATGT	2017	E67	17_IIICF_E6E7_C4_post_2	IIICF_E6E7_C4_post	E67	2
E67_3_CATBHANXX_TTAGGC	2017	E67	17_IIICF_E6E7_C4_post_3	IIICF_E6E7_C4_post	E67	3
E67PRE_1_CAT15ANXX_CAGATC	2017	E67PRE	17_IIICF_E6E7_C4_pre_1	IIICF_E6E7_C4_pre	E67PRE	1
E67PRE_2_CAT15ANXX_ACTTGA	2017	E67PRE	17_IIICF_E6E7_C4_pre_2	IIICF_E6E7_C4_pre	E67PRE	2
E67PRE_3_CAT15ANXX_GATCAG	2017	E67PRE	17_IIICF_E6E7_C4_pre_3	IIICF_E6E7_C4_pre	E67PRE	3
G292_1_CAT15ANXX_CAGATC	2017	G292	17_G292_1	G292	G292	1
G292_2_CAT15ANXX_ACTTGA	2017	G292	17_G292_2	G292	G292	2
G292_3_CAT15ANXX_GATCAG	2017	G292	17_G292_3	G292	G292	3
GM847_1_CAT15ANXX_TGACCA	2017	GM847	17_GM847_1	GM847	GM847	1
GM847_2_CAT15ANXX_ACAGTG	2017	GM847	17_GM847_2	GM847	GM847	2
GM847_3_CAT15ANXX_GCCAAT	2017	GM847	17_GM847_3	GM847	GM847	3
IIICF_1_CAT15ANXX_TAGCTT	2017	IIICF	17_IIICF_1	IIICF	IIICF	1
IIICF_2_CAT15ANXX_GGCTAC	2017	IIICF	17_IIICF_2	IIICF	IIICF	2
IIICF_3_CAT15ANXX_CTTGTA	2017	IIICF	17_IIICF_3	IIICF	IIICF	3
IIICFC_1_CAT15ANXX_TAGCTT	2017	IIICFC	17_IIICF_c_1	IIICF_c	IIICFC	1
IIICFC_2_CAT15ANXX_GGCTAC	2017	IIICFC	17_IIICF_c_2	IIICF_c	IIICFC	2
IIICFC_3_CAT15ANXX_CTTGTA	2017	IIICFC	17_IIICF_c_3	IIICF_c	IIICFC	3
IVGBF_1_CAT15ANXX_GTGGCC	2017	IVGBF	17_IVG_BF_LXSN_post_1	IVG_BF_LXSN_post	IVGBF	1
IVGBF_2_CAT15ANXX_GTTTCG	2017	IVGBF	17_IVG_BF_LXSN_post_2	IVG_BF_LXSN_post	IVGBF	2
IVGBF_3_CAT15ANXX_CGTACG	2017	IVGBF	17_IVG_BF_LXSN_post_3	IVG_BF_LXSN_post	IVGBF	3
IVGPRE_1_CAT15ANXX_GAGTGG	2017	IVGPRE	17_IVG_BF_LXSN_pre_1	IVG_BF_LXSN_pre	IVGPRE	1
IVGPRE_2_CAT15ANXX_ACTGAT	2017	IVGPRE	17_IVG_BF_LXSN_pre_2	IVG_BF_LXSN_pre	IVGPRE	2
IVGPRE_3_CAT15ANXX_ATTCCT	2017	IVGPRE	17_IVG_BF_LXSN_pre_3	IVG_BF_LXSN_pre	IVGPRE	3
JFCF6_1_CATBHANXX_CCGTCC	2017	JFCF6	17_JFCF_6_1	JFCF_6	JFCF6	1
JFCF6_2_CATBHANXX_GTCCGC	2017	JFCF6	17_JFCF_6_2	JFCF_6	JFCF6	2
JFCF6_3_CATBHANXX_GTGAAA	2017	JFCF6	17_JFCF_6_3	JFCF_6	JFCF6	3
JF_T1C_1_HCNGNDSXX_ATGTAAGT-ACTCTATG_L004	2018	JF_T1C	18_JFCF_6_T_1_C_1	JFCF_6_T_1_C	JF	1
JF_T1C_2_HCNGNDSXX_GCACGGAC-GTCTCGCA_L004	2018	JF_T1C	18_JFCF_6_T_1_C_2	JFCF_6_T_1_C	JF	2
JF_T1C_3_HCNGNDSXX_GGTACCTT-AAGACGTC_L004	2018	JF_T1C	18_JFCF_6_T_1_C_3	JFCF_6_T_1_C	JF	3
JF_T1D_1_HCNGNDSXX_CCGCGGTT-AGCGCTAG_L004	2018	JF_T1D	18_JFCF_6_T_1_D_1	JFCF_6_T_1_D	JF	1
JF_T1D_2_HCNGNDSXX_TTATAACC-GATATCGA_L004	2018	JF_T1D	18_JFCF_6_T_1_D_2	JFCF_6_T_1_D	JF	2
JF_T1D_3_HCNGNDSXX_GGACTTGG-CGCAGACG_L004	2018	JF_T1D	18_JFCF_6_T_1_D_3	JFCF_6_T_1_D	JF	3
JF_T1F_1_HCNGNDSXX_AACGTTCC-GGAGTACT_L004	2018	JF_T1F	18_JFCF_6_T_1_F_1	JFCF_6_T_1_F	JF	1
JF_T1F_2_HCNGNDSXX_GCAGAATT-ACCGGCCA_L004	2018	JF_T1F	18_JFCF_6_T_1_F_2	JFCF_6_T_1_F	JF	2
JF_T1F_F_HCNGNDSXX_ATGAGGCC-GTTAATTG_L004	2018	JF_T1F	18_JFCF_6_T_1_F_F	JFCF_6_T_1_F	JF	3
JF_T1G_1_HCNGNDSXX_ACTAAGAT-AACCGCGG_L004	2018	JF_T1G	18_JFCF_6_T_1_G_1	JFCF_6_T_1_G	JF	1
JF_T1G_2_HCNGNDSXX_GTCGGAGC-GGTTATAA_L004	2018	JF_T1G	18_JFCF_6_T_1_G_2	JFCF_6_T_1_G	JF	2
JF_T1G_3_HCNGNDSXX_GAACCGCG-TGACCTTA_L004	2018	JF_T1G	18_JFCF_6_T_1_G_3	JFCF_6_T_1_G	JF	3
JF_T1H_1_HCNGNDSXX_TCCAACGC-TTGGACTT_L004	2018	JF_T1H	18_JFCF_6_T_1_H_1	JFCF_6_T_1_H	JF	1
JF_T1H_2_HCNGNDSXX_CCGTGAAG-CAGTGGAT_L004	2018	JF_T1H	18_JFCF_6_T_1_H_2	JFCF_6_T_1_H	JF	2
JF_T1H_3_HCNGNDSXX_TTACAGGA-TGACAAGC_L004	2018	JF_T1H	18_JFCF_6_T_1_H_3	JFCF_6_T_1_H	JF	3
JF_T1J_11C_1_HCNGNDSXX_CTCACCAA-CTAGGCAA_L004	2018	JF_T1J_11C	18_JFCF_6_T_1J_11C_1	JFCF_6_T_1J_11C	JF	1
JF_T1J_11C_2_HCNGNDSXX_TCTGTTGG-TCGAATGG_L004	2018	JF_T1J_11C	18_JFCF_6_T_1J_11C_2	JFCF_6_T_1J_11C	JF	2
JF_T1J_11C_3_HCNGNDSXX_TATCGCAC-CTTAGTGT_L004	2018	JF_T1J_11C	18_JFCF_6_T_1J_11C_3	JFCF_6_T_1J_11C	JF	3
JF_T1J_11E_1_HCNGNDSXX_CCAAGTCT-AAGGATGA_L004	2018	JF_T1J_11E	18_JFCF_6_T_1J_11E_1	JFCF_6_T_1J_11E	JF	1
JF_T1J_11E_2_HCNGNDSXX_TTGGACTC-GGAAGCAG_L004	2018	JF_T1J_11E	18_JFCF_6_T_1J_11E_2	JFCF_6_T_1J_11E	JF	2
JF_T1J_11E_3_HCNGNDSXX_GGCTTAAG-TCGTGACC_L004	2018	JF_T1J_11E	18_JFCF_6_T_1J_11E_3	JFCF_6_T_1J_11E	JF	3
JF_T1J_13C_1_HCNGNDSXX_GACGTCTT-GGTTCACC_L004	2018	JF_T1J_13C	18_JFCF_6_T_1J_1_3C_1	JFCF_6_T_1J_1_3C	JF	1
JF_T1J_13C_2_HCNGNDSXX_TGCGAGAC-CATTGTTG_L004	2018	JF_T1J_13C	18_JFCF_6_T_1J_1_3C_2	JFCF_6_T_1J_1_3C	JF	2
JF_T1J_13C_3_HCNGNDSXX_CATAGAGT-TGCCACCA_L004	2018	JF_T1J_13C	18_JFCF_6_T_1J_1_3C_3	JFCF_6_T_1J_1_3C	JF	3
JF_T1L_1_HCNGNDSXX_AAGTCCAA-TATGAGTA_L004	2018	JF_T1L	18_JFCF_6_T_1_L_1	JFCF_6_T_1_L	JF	1
JF_T1L_2_HCNGNDSXX_TCATCCTT-AGCGAGCT_L004	2018	JF_T1L	18_JFCF_6_T_1_L_2	JFCF_6_T_1_L	JF	2
JF_T1L_3_HCNGNDSXX_GCTTGTCA-GAACATAC_L004	2018	JF_T1L	18_JFCF_6_T_1_L_3	JFCF_6_T_1_L	JF	3
JF_T1Palt_1_HCNGNDSXX_CAAGCTAG-ACATAGCG_L004	2018	JF_T1Palt	18_JFCF_6_T_1_P_ALT_1	JFCF_6_T_1_P_ALT	JF	1
JF_T1Palt_2_HCNGNDSXX_TGGATCGA-GTGCGATA_L004	2018	JF_T1Palt	18_JFCF_6_T_1_P_ALT_2	JFCF_6_T_1_P_ALT	JF	2
JF_T1Palt_3_HCNGNDSXX_AGTTCAGG-CCAACAGA_L004	2018	JF_T1Palt	18_JFCF_6_T_1_P_ALT_3	JFCF_6_T_1_P_ALT	JF	3
JF_T1Ptel_1_HCNGNDSXX_GGCATTCT-CTAGCTTG_L004	2018	JF_T1Ptel	18_JFCF_6_T_1_P_TEL_1	JFCF_6_T_1_P_TEL	JF	1
JF_T1Ptel_2_HCNGNDSXX_AATGCCTC-TCGATCCA_L004	2018	JF_T1Ptel	18_JFCF_6_T_1_P_TEL_2	JFCF_6_T_1_P_TEL	JF	2
JF_T1Ptel_3_HCNGNDSXX_TACCGAGG-CCTGAACT_L004	2018	JF_T1Ptel	18_JFCF_6_T_1_P_TEL_3	JFCF_6_T_1_P_TEL	JF	3
JF_T1R_1_HCNGNDSXX_GACCTGAA-TTGGTGAG_L004	2018	JF_T1R	18_JFCF_6_T_1_R_1	JFCF_6_T_1_R	JF	1
JF_T1R_2_HCNGNDSXX_AGGTTATA-CAGTTCCG_L004	2018	JF_T1R	18_JFCF_6_T_1_R_2	JFCF_6_T_1_R	JF	2
JF_T1R_3_HCNGNDSXX_CTCTCGTC-TATAACCT_L004	2018	JF_T1R	18_JFCF_6_T_1_R_3	JFCF_6_T_1_R	JF	3
JF_T2H_1_HCNGNDSXX_CGCTATGT-TCCGACAC_L004	2018	JF_T2H	18_JFCF_6_T_2H_1	JFCF_6_T_2H	JF	1
JF_T2H_2_HCNGNDSXX_CTACGACA-GAGTCCAA_L004	2018	JF_T2H	18_JFCF_6_T_2H_2	JFCF_6_T_2H	JF	2
JF_T2H_3_HCNGNDSXX_TAAGTGGT-CTTAAGCC_L004	2018	JF_T2H	18_JFCF_6_T_2H_3	JFCF_6_T_2H	JF	3
JF_T5K_1_HCNGNDSXX_AATCCGGA-CTACAGTT_L004	2018	JF_T5K	18_JFCF_6_T_5K_1	JFCF_6_T_5K	JF	1
JF_T5K_2_HCNGNDSXX_TAATACAG-ATATTCAC_L004	2018	JF_T5K	18_JFCF_6_T_5K_2	JFCF_6_T_5K	JF	2
JF_T5K_3_HCNGNDSXX_CGGCGTGA-GCGCCTGT_L004	2018	JF_T5K	18_JFCF_6_T_5K_3	JFCF_6_T_5K	JF	3
KPD_1_HCNGNDSXX_GCAATGCA-GGAACGTT_L004	2018	KPD	18_KPD_1	KPD	KPD	1
KPD_2_HCNGNDSXX_GTTCCAAT-AATTCTGC_L004	2018	KPD	18_KPD_2	KPD	KPD	2
KPD_3_HCNGNDSXX_ACCTTGGC-GGCCTCAT_L004	2018	KPD	18_KPD_3	KPD	KPD	3
LFS_1_CAT15ANXX_CCGTCC	2017	LFS	17_LFS_05F_24_post_1	LFS_05F_24_post	LFS	1
LFS_2_CAT15ANXX_GTCCGC	2017	LFS	17_LFS_05F_24_post_2	LFS_05F_24_post	LFS	2
LFS_3_CAT15ANXX_GTGAAA	2017	LFS	17_LFS_05F_24_post_3	LFS_05F_24_post	LFS	3
LFSPRE_1_CAT15ANXX_GTGGCC	2017	LFSPRE	17_LFS_05F_24_pre_1	LFS_05F_24_pre	LFSPRE	1
LFSPRE_2_CAT15ANXX_GTTTCG	2017	LFSPRE	17_LFS_05F_24_pre_2	LFS_05F_24_pre	LFSPRE	2
LFSPRE_3_CAT15ANXX_CGTACG	2017	LFSPRE	17_LFS_05F_24_pre_3	LFS_05F_24_pre	LFSPRE	3
MET4A_1_CATBHANXX_AGTCAA	2017	MET4A	17_MeT_4A_post_1	MeT_4A_post	MET4A	1
MET4A_2_CATBHANXX_AGTTCC	2017	MET4A	17_MeT_4A_post_2	MeT_4A_post	MET4A	2
MET4A_3_CATBHANXX_ATGTCA	2017	MET4A	17_MeT_4A_post_3	MeT_4A_post	MET4A	3
METPRE_1_CAT15ANXX_GAGTGG	2017	METPRE	17_MeT_4A_pre_1	MeT_4A_pre	METPRE	1
METPRE_2_CAT15ANXX_ACTGAT	2017	METPRE	17_MeT_4A_pre_2	MeT_4A_pre	METPRE	2
METPRE_3_CAT15ANXX_ATTCCT	2017	METPRE	17_MeT_4A_pre_3	MeT_4A_pre	METPRE	3
SAOS2_1_CAT15ANXX_ATCACG	2017	SAOS2	17_SAOS2_1	SAOS2	SAOS2	1
SAOS2_2_CAT15ANXX_CGATGT	2017	SAOS2	17_SAOS2_2	SAOS2	SAOS2	2
SAOS2_3_CAT15ANXX_TTAGGC	2017	SAOS2	17_SAOS2_3	SAOS2	SAOS2	3
SKLU1_1_CATBHANXX_GTGGCC	2017	SKLU1	17_SKLU1_1	SKLU1	SKLU1	1
SKLU1_2_CATBHANXX_GTTTCG	2017	SKLU1	17_SKLU1_2	SKLU1	SKLU1	2
SKLU1_3_CATBHANXX_CGTACG	2017	SKLU1	17_SKLU1_3	SKLU1	SKLU1	3
TA6_1_CAT15ANXX_CCGTCC	2017	TA6	17_IIICF_T_A6_1	IIICF_T_A6	TA6	1
TA6_2_CAT15ANXX_GTCCGC	2017	TA6	17_IIICF_T_A6_2	IIICF_T_A6	TA6	2
TA6_3_CAT15ANXX_GTGAAA	2017	TA6	17_IIICF_T_A6_3	IIICF_T_A6	TA6	3
VA13_1_CAT15ANXX_TGACCA	2017	VA13	17_VA13_1	VA13	VA13	1
VA13_1_HCNGNDSXX_ACAGGCGC-CTCTGCCT_L004	2018	VA13	18_VA13_1	VA13	VA13	1
VA13_2_CAT15ANXX_ACAGTG	2017	VA13	17_VA13_2	VA13	VA13	2
VA13_2_HCNGNDSXX_GTGAATAT-TCTCATTC_L004	2018	VA13	18_VA13_2	VA13	VA13	2
VA13_3_CAT15ANXX_GCCAAT	2017	VA13	17_VA13_3	VA13	VA13	3
VA13_3_HCNGNDSXX_AACTGTAG-ACGCCGCA_L004	2018	VA13	18_VA13_3	VA13	VA13	3
WI38_1_CATBHANXX_GAGTGG	2017	WI38	17_WI38_1	WI38	WI38	1
WI38_2_CATBHANXX_ACTGAT	2017	WI38	17_WI38_2	WI38	WI38	2
WI38_3_CATBHANXX_ATTCCT	2017	WI38	17_WI38_3	WI38	WI38	3
ZK58_1_HCNGNDSXX_TTCCTGTT-AGTATCTT_L004	2018	ZK58	18_ZK58_1	ZK58	ZK58	1
ZK58_2_HCNGNDSXX_CCTTCACC-GACGCTCC_L004	2018	ZK58	18_ZK58_2	ZK58	ZK58	2
ZK58_3_HCNGNDSXX_GCCACAGG-CATGCCAT_L004	2018	ZK58	18_ZK58_3	ZK58	ZK58	3
