Key,Name,Source,dbSNP,Type,Chr1,Pos1,Chr2,Pos2,Qual1,Qual2,AF1,AF2,Read1,Read2,Gene,Consequence,Impact,Ref1,Alt1,Ref2,Alt2
SNP_GATK_MODERATE_ZNF267_chr16_31925986_T_C,N_IIICF_402DE_D2,GATK,True,SNP,chr16,31925986,,,279.77,,0.5,,"[19, 9]",,ZNF267,missense_variant,MODERATE,T,C,,
SNP_GATK_MODERATE_ZNF280A_chr22_22869123_T_C,N_IIICF_402DE_D2,GATK,True,SNP,chr22,22869123,,,1998.77,,1.0,,"[0, 46]",,ZNF280A,missense_variant,MODERATE,T,C,,
SNP_GATK_MODERATE_ZNF280A_chr22_22869209_C_G,N_IIICF_402DE_D2,GATK,True,SNP,chr22,22869209,,,1231.77,,1.0,,"[0, 27]",,ZNF280A,missense_variant,MODERATE,C,G,,
SNP_GATK_MODERATE_ZNF280A_chr22_22869218_T_C,N_IIICF_402DE_D2,GATK,True,SNP,chr22,22869218,,,1276.77,,1.0,,"[0, 29]",,ZNF280A,missense_variant,MODERATE,T,C,,
SNP_GATK_MODERATE_ZNF280A_chr22_22869545_T_G,N_IIICF_402DE_D2,GATK,True,SNP,chr22,22869545,,,1636.77,,1.0,,"[0, 37]",,ZNF280A,missense_variant,MODERATE,T,G,,
SNP_GATK_MODERATE_ZNF280A_chr22_22869548_T_C,N_IIICF_402DE_D2,GATK,True,SNP,chr22,22869548,,,1636.77,,1.0,,"[0, 37]",,ZNF280A,missense_variant,MODERATE,T,C,,
SNP_GATK_MODERATE_ZNF280A_chr22_22869742_C_A,N_IIICF_402DE_D2,GATK,True,SNP,chr22,22869742,,,1627.77,,1.0,,"[0, 38]",,ZNF280A,missense_variant,MODERATE,C,A,,
SNP_GATK_MODERATE_ARID3A_chr19_971949_G_A,N_IIICF_402DE_D2,GATK,True,SNP,chr19,971949,,,1289.73,,1.0,,"[0, 30]",,ARID3A,missense_variant,MODERATE,G,A,,
SNP_GATK_MODERATE_ZNF280A_chr22_22868497_G_C,N_IIICF_402DE_D2,GATK,True,SNP,chr22,22868497,,,1452.77,,1.0,,"[0, 32]",,ZNF280A,missense_variant,MODERATE,G,C,,
SNP_GATK_HIGH_THRB_chr3_24536623_C_T,N_IIICF_402DE_D2,GATK,False,SNP,chr3,24536623,,,935.77,,0.5,,"[25, 26]",,THRB,splice_donor_variant,HIGH,C,T,,
SNP_GATK_MODERATE_GLI1_chr12_57865321_G_A,N_IIICF_402DE_D2,GATK,True,SNP,chr12,57865321,,,1207.77,,1.0,,"[0, 31]",,GLI1,missense_variant,MODERATE,G,A,,
SNP_GATK_MODERATE_ZNF280A_chr22_22868493_G_T,N_IIICF_402DE_D2,GATK,True,SNP,chr22,22868493,,,1489.77,,1.0,,"[0, 34]",,ZNF280A,missense_variant,MODERATE,G,T,,
IND_GATK_MODERATE_TCF7L1_chr2_85360828_GGGC_G,N_IIICF_402DE_D2,GATK,True,IND,chr2,85360828,,,3750.73,,1.0,,"[0, 85]",,TCF7L1,inframe_deletion,MODERATE,GGGC,G,,
SNP_GATK_MODERATE_ZNF267_chr16_31926619_G_A,N_IIICF_402DE_D2,GATK,True,SNP,chr16,31926619,,,1515.77,,1.0,,"[0, 35]",,ZNF267,missense_variant,MODERATE,G,A,,
SNP_GATK_MODERATE_ZNF267_chr16_31927308_G_A,N_IIICF_402DE_D2,GATK,True,SNP,chr16,31927308,,,291.77,,0.5,,"[17, 9]",,ZNF267,missense_variant,MODERATE,G,A,,
SNP_GATK_MODERATE_ATF6_chr1_161736209_T_C,N_IIICF_402DE_D2,GATK,True,SNP,chr1,161736209,,,671.77,,0.5,,"[21, 19]",,ATF6,missense_variant,MODERATE,T,C,,
IND_GATK_MODERATE_ASCL1_chr12_103352171_C_CGCA,N_IIICF_402DE_D2,GATK,False,IND,chr12,103352171,,,504.73,,0.5,,"[15, 16]",,ASCL1,inframe_insertion,MODERATE,C,CGCA,,
SNP_GATK_MODERATE_GLI1_chr12_57865821_G_C,N_IIICF_402DE_D2,GATK,True,SNP,chr12,57865821,,,1431.77,,1.0,,"[0, 34]",,GLI1,missense_variant,MODERATE,G,C,,
SNP_GATK_MODERATE_ATF6_chr1_161736209_T_C,N_IIICF_E6E7_C4_post,GATK,True,SNP,chr1,161736209,,,342.77,,0.5,,"[8, 10]",,ATF6,missense_variant,MODERATE,T,C,,
IND_GATK_MODERATE_TCF7L1_chr2_85360828_GGGC_G,N_IIICF_E6E7_C4_post,GATK,True,IND,chr2,85360828,,,128.0,,1.0,,"[0, 4]",,TCF7L1,inframe_deletion,MODERATE,GGGC,G,,
SNP_GATK_MODERATE_ZNF280A_chr22_22868493_G_T,N_IIICF_E6E7_C4_post,GATK,True,SNP,chr22,22868493,,,811.77,,1.0,,"[0, 17]",,ZNF280A,missense_variant,MODERATE,G,T,,
SNP_GATK_HIGH_THRB_chr3_24536623_C_T,N_IIICF_E6E7_C4_post,GATK,False,SNP,chr3,24536623,,,289.77,,0.5,,"[5, 8]",,THRB,splice_donor_variant,HIGH,C,T,,
SNP_GATK_MODERATE_ZNF280A_chr22_22869123_T_C,N_IIICF_E6E7_C4_post,GATK,True,SNP,chr22,22869123,,,1081.77,,1.0,,"[0, 25]",,ZNF280A,missense_variant,MODERATE,T,C,,
SNP_GATK_MODERATE_ZNF280A_chr22_22869209_C_G,N_IIICF_E6E7_C4_post,GATK,True,SNP,chr22,22869209,,,1041.77,,1.0,,"[0, 22]",,ZNF280A,missense_variant,MODERATE,C,G,,
SNP_GATK_MODERATE_ZNF280A_chr22_22869218_T_C,N_IIICF_E6E7_C4_post,GATK,True,SNP,chr22,22869218,,,1006.77,,1.0,,"[0, 23]",,ZNF280A,missense_variant,MODERATE,T,C,,
SNP_GATK_MODERATE_ZNF280A_chr22_22869545_T_G,N_IIICF_E6E7_C4_post,GATK,True,SNP,chr22,22869545,,,1002.77,,1.0,,"[0, 23]",,ZNF280A,missense_variant,MODERATE,T,G,,
SNP_GATK_MODERATE_GLI1_chr12_57865821_G_C,N_IIICF_E6E7_C4_post,GATK,True,SNP,chr12,57865821,,,1364.77,,1.0,,"[0, 32]",,GLI1,missense_variant,MODERATE,G,C,,
SNP_GATK_MODERATE_GLI1_chr12_57865321_G_A,N_IIICF_E6E7_C4_post,GATK,True,SNP,chr12,57865321,,,702.77,,1.0,,"[0, 18]",,GLI1,missense_variant,MODERATE,G,A,,
SNP_GATK_MODERATE_ZNF280A_chr22_22868497_G_C,N_IIICF_E6E7_C4_post,GATK,True,SNP,chr22,22868497,,,820.77,,1.0,,"[0, 19]",,ZNF280A,missense_variant,MODERATE,G,C,,
SNP_GATK_MODERATE_ZNF280A_chr22_22869742_C_A,N_IIICF_E6E7_C4_post,GATK,True,SNP,chr22,22869742,,,616.77,,1.0,,"[0, 16]",,ZNF280A,missense_variant,MODERATE,C,A,,
SNP_GATK_MODERATE_ZNF280A_chr22_22869548_T_C,N_IIICF_E6E7_C4_post,GATK,True,SNP,chr22,22869548,,,1002.77,,1.0,,"[0, 23]",,ZNF280A,missense_variant,MODERATE,T,C,,
SNP_GATK_MODERATE_ARID3A_chr19_971949_G_A,N_IIICF_E6E7_C4_post,GATK,True,SNP,chr19,971949,,,232.8,,1.0,,"[0, 6]",,ARID3A,missense_variant,MODERATE,G,A,,
SNP_GATK_MODERATE_ZNF267_chr16_31927308_G_A,N_IIICF_E6E7_C4_post,GATK,True,SNP,chr16,31927308,,,524.77,,0.5,,"[13, 15]",,ZNF267,missense_variant,MODERATE,G,A,,
SNP_GATK_MODERATE_ZNF267_chr16_31925986_T_C,N_IIICF_E6E7_C4_post,GATK,True,SNP,chr16,31925986,,,610.77,,0.5,,"[10, 17]",,ZNF267,missense_variant,MODERATE,T,C,,
SNP_GATK_MODERATE_ZNF267_chr16_31926619_G_A,N_IIICF_E6E7_C4_post,GATK,True,SNP,chr16,31926619,,,1211.77,,1.0,,"[0, 29]",,ZNF267,missense_variant,MODERATE,G,A,,
SNP_GATK_MODERATE_ATF6_chr1_161751741_A_G,N_LFS_05F_24_post,GATK,True,SNP,chr1,161751741,,,953.77,,1.0,,"[0, 22]",,ATF6,missense_variant,MODERATE,A,G,,
IND_GATK_MODERATE_ASCL1_chr12_103352171_C_CGCA,N_LFS_05F_24_post,GATK,False,IND,chr12,103352171,,,361.73,,0.5,,"[9, 11]",,ASCL1,inframe_insertion,MODERATE,C,CGCA,,
SNP_GATK_MODERATE_TCF7L1_chr2_85536415_G_A,N_LFS_05F_24_post,GATK,True,SNP,chr2,85536415,,,292.77,,0.5,,"[5, 10]",,TCF7L1,missense_variant,MODERATE,G,A,,
IND_GATK_MODERATE_TCF7L1_chr2_85360828_GGGC_G,N_LFS_05F_24_post,GATK,True,IND,chr2,85360828,,,42.7,,1.0,,"[0, 2]",,TCF7L1,inframe_deletion,MODERATE,GGGC,G,,
SNP_GATK_MODERATE_ZNF267_chr16_31926619_G_A,N_LFS_05F_24_post,GATK,True,SNP,chr16,31926619,,,1574.77,,1.0,,"[0, 37]",,ZNF267,missense_variant,MODERATE,G,A,,
SNP_GATK_MODERATE_ZNF562_chr19_9767279_G_A,N_MeT_4A_post,GATK,False,SNP,chr19,9767279,,,413.77,,0.5,,"[7, 12]",,ZNF562,missense_variant,MODERATE,G,A,,
SNP_GATK_MODERATE_ZNF280A_chr22_22868493_G_T,N_MeT_4A_post,GATK,True,SNP,chr22,22868493,,,355.77,,0.5,,"[9, 9]",,ZNF280A,missense_variant,MODERATE,G,T,,
SNP_GATK_MODERATE_ZNF280A_chr22_22868497_G_C,N_MeT_4A_post,GATK,True,SNP,chr22,22868497,,,322.77,,0.5,,"[9, 9]",,ZNF280A,missense_variant,MODERATE,G,C,,
SNP_GATK_MODERATE_ZNF280A_chr22_22869123_T_C,N_MeT_4A_post,GATK,True,SNP,chr22,22869123,,,1027.77,,0.5,,"[6, 27]",,ZNF280A,missense_variant,MODERATE,T,C,,
SNP_GATK_MODERATE_ZNF280A_chr22_22869209_C_G,N_MeT_4A_post,GATK,True,SNP,chr22,22869209,,,969.77,,0.5,,"[9, 25]",,ZNF280A,missense_variant,MODERATE,C,G,,
SNP_GATK_MODERATE_ZNF280A_chr22_22869742_C_A,N_MeT_4A_post,GATK,True,SNP,chr22,22869742,,,581.77,,0.5,,"[9, 17]",,ZNF280A,missense_variant,MODERATE,C,A,,
SNP_GATK_MODERATE_ZNF280A_chr22_22869545_T_G,N_MeT_4A_post,GATK,True,SNP,chr22,22869545,,,571.77,,0.5,,"[9, 15]",,ZNF280A,missense_variant,MODERATE,T,G,,
SNP_GATK_MODERATE_ZFPM2_chr8_106814656_G_C,N_MeT_4A_post,GATK,True,SNP,chr8,106814656,,,477.77,,0.5,,"[20, 14]",,ZFPM2,missense_variant,MODERATE,G,C,,
SNP_GATK_MODERATE_GLI1_chr12_57865321_G_A,N_MeT_4A_post,GATK,True,SNP,chr12,57865321,,,341.77,,0.5,,"[9, 11]",,GLI1,missense_variant,MODERATE,G,A,,
SNP_GATK_MODERATE_GLI1_chr12_57865821_G_C,N_MeT_4A_post,GATK,True,SNP,chr12,57865821,,,599.77,,0.5,,"[6, 16]",,GLI1,missense_variant,MODERATE,G,C,,
SNP_GATK_MODERATE_TCF7L1_chr2_85531116_C_T,N_MeT_4A_post,GATK,True,SNP,chr2,85531116,,,385.77,,1.0,,"[0, 10]",,TCF7L1,missense_variant,MODERATE,C,T,,
IND_GATK_MODERATE_ASCL1_chr12_103352171_C_CGCA,N_MeT_4A_post,GATK,False,IND,chr12,103352171,,,96.73,,0.5,,"[7, 4]",,ASCL1,inframe_insertion,MODERATE,C,CGCA,,
SNP_GATK_MODERATE_ZNF280A_chr22_22869218_T_C,N_MeT_4A_post,GATK,True,SNP,chr22,22869218,,,868.77,,0.5,,"[9, 21]",,ZNF280A,missense_variant,MODERATE,T,C,,
SNP_GATK_MODERATE_ZNF267_chr16_31926619_G_A,N_MeT_4A_post,GATK,True,SNP,chr16,31926619,,,1006.77,,1.0,,"[0, 24]",,ZNF267,missense_variant,MODERATE,G,A,,
SNP_GATK_MODERATE_ZNF280A_chr22_22869548_T_C,N_MeT_4A_post,GATK,True,SNP,chr22,22869548,,,574.77,,0.5,,"[9, 15]",,ZNF280A,missense_variant,MODERATE,T,C,,
SNP_GATK_MODERATE_ATF6_chr1_161736209_T_C,N_MeT_4A_post,GATK,True,SNP,chr1,161736209,,,337.77,,0.5,,"[5, 10]",,ATF6,missense_variant,MODERATE,T,C,,
SNP_GATK_MODERATE_ARID3A_chr19_971949_G_A,N_MeT_4A_post,GATK,True,SNP,chr19,971949,,,587.73,,1.0,,"[0, 16]",,ARID3A,missense_variant,MODERATE,G,A,,
SNP_GATK_MODERATE_ZNF280A_chr22_22869545_T_G,U_IIICF_E6E7_A1,GATK,True,SNP,chr22,22869545,,,1276.77,,1.0,,"[0, 28]",,ZNF280A,missense_variant,MODERATE,T,G,,
SNP_GATK_MODERATE_ZNF280A_chr22_22869548_T_C,U_IIICF_E6E7_A1,GATK,True,SNP,chr22,22869548,,,1231.77,,1.0,,"[0, 28]",,ZNF280A,missense_variant,MODERATE,T,C,,
SNP_GATK_MODERATE_ZNF280A_chr22_22869742_C_A,U_IIICF_E6E7_A1,GATK,True,SNP,chr22,22869742,,,1698.77,,1.0,,"[0, 39]",,ZNF280A,missense_variant,MODERATE,C,A,,
SNP_GATK_MODERATE_ZNF280A_chr22_22869209_C_G,U_IIICF_E6E7_A1,GATK,True,SNP,chr22,22869209,,,1591.77,,1.0,,"[0, 35]",,ZNF280A,missense_variant,MODERATE,C,G,,
SNP_GATK_MODERATE_GLI1_chr12_57865321_G_A,U_IIICF_E6E7_A1,GATK,True,SNP,chr12,57865321,,,1677.77,,1.0,,"[0, 44]",,GLI1,missense_variant,MODERATE,G,A,,
SNP_GATK_MODERATE_GLI1_chr12_57865821_G_C,U_IIICF_E6E7_A1,GATK,True,SNP,chr12,57865821,,,1830.77,,1.0,,"[0, 42]",,GLI1,missense_variant,MODERATE,G,C,,
SNP_GATK_MODERATE_ZNF280A_chr22_22869123_T_C,U_IIICF_E6E7_A1,GATK,True,SNP,chr22,22869123,,,1888.77,,1.0,,"[0, 43]",,ZNF280A,missense_variant,MODERATE,T,C,,
SNP_GATK_MODERATE_ZNF280A_chr22_22868497_G_C,U_IIICF_E6E7_A1,GATK,True,SNP,chr22,22868497,,,1491.77,,1.0,,"[0, 34]",,ZNF280A,missense_variant,MODERATE,G,C,,
IND_GATK_MODERATE_TCF7L1_chr2_85360828_GGGC_G,U_IIICF_E6E7_A1,GATK,True,IND,chr2,85360828,,,2055.73,,1.0,,"[0, 47]",,TCF7L1,inframe_deletion,MODERATE,GGGC,G,,
SNP_GATK_MODERATE_ZNF280A_chr22_22869218_T_C,U_IIICF_E6E7_A1,GATK,True,SNP,chr22,22869218,,,1546.77,,1.0,,"[0, 35]",,ZNF280A,missense_variant,MODERATE,T,C,,
SNP_GATK_MODERATE_TCF7L1_chr2_85531096_A_C,U_IIICF_E6E7_A1,GATK,False,SNP,chr2,85531096,,,159.77,,0.5,,"[16, 7]",,TCF7L1,missense_variant,MODERATE,A,C,,
SNP_GATK_MODERATE_ZNF280A_chr22_22868493_G_T,U_IIICF_E6E7_A1,GATK,True,SNP,chr22,22868493,,,1455.77,,1.0,,"[0, 33]",,ZNF280A,missense_variant,MODERATE,G,T,,
SNP_GATK_MODERATE_TCF7L1_chr2_85531104_G_C,U_IIICF_E6E7_A1,GATK,False,SNP,chr2,85531104,,,127.77,,0.5,,"[18, 3]",,TCF7L1,missense_variant,MODERATE,G,C,,
SNP_GATK_MODERATE_ZNF267_chr16_31925986_T_C,U_IIICF_E6E7_A1,GATK,True,SNP,chr16,31925986,,,1140.77,,0.5,,"[22, 30]",,ZNF267,missense_variant,MODERATE,T,C,,
SNP_GATK_MODERATE_ATF6_chr1_161736209_T_C,U_IIICF_E6E7_A1,GATK,True,SNP,chr1,161736209,,,786.77,,0.5,,"[20, 21]",,ATF6,missense_variant,MODERATE,T,C,,
SNP_GATK_MODERATE_ZNF267_chr16_31926619_G_A,U_IIICF_E6E7_A1,GATK,True,SNP,chr16,31926619,,,2159.77,,1.0,,"[0, 50]",,ZNF267,missense_variant,MODERATE,G,A,,
SNP_GATK_MODERATE_ARID3A_chr19_971949_G_A,U_IIICF_E6E7_A1,GATK,True,SNP,chr19,971949,,,1381.73,,1.0,,"[0, 32]",,ARID3A,missense_variant,MODERATE,G,A,,
SNP_GATK_MODERATE_TCF7L1_chr2_85531102_T_C,U_IIICF_E6E7_A1,GATK,False,SNP,chr2,85531102,,,134.77,,0.5,,"[18, 5]",,TCF7L1,missense_variant,MODERATE,T,C,,
SNP_GATK_HIGH_THRB_chr3_24536623_C_T,U_IIICF_E6E7_A1,GATK,False,SNP,chr3,24536623,,,1344.77,,0.5,,"[38, 37]",,THRB,splice_donor_variant,HIGH,C,T,,
SNP_GATK_MODERATE_ZNF267_chr16_31927308_G_A,U_IIICF_E6E7_A1,GATK,True,SNP,chr16,31927308,,,1108.77,,0.5,,"[14, 31]",,ZNF267,missense_variant,MODERATE,G,A,,
IND_GATK_MODERATE_ASCL1_chr12_103352171_C_CGCA,U_IIICF_E6E7_A1,GATK,False,IND,chr12,103352171,,,806.73,,0.5,,"[8, 23]",,ASCL1,inframe_insertion,MODERATE,C,CGCA,,
IND_GATK_MODERATE_ASCL1_chr12_103352171_C_CGCA,U_IIICF_E6_A1,GATK,False,IND,chr12,103352171,,,45.73,,0.5,,"[11, 3]",,ASCL1,inframe_insertion,MODERATE,C,CGCA,,
SNP_GATK_MODERATE_ZNF267_chr16_31926619_G_A,U_IIICF_E6_A1,GATK,True,SNP,chr16,31926619,,,1136.77,,1.0,,"[0, 27]",,ZNF267,missense_variant,MODERATE,G,A,,
SNP_GATK_MODERATE_GLI1_chr12_57865821_G_C,U_IIICF_E6_A1,GATK,True,SNP,chr12,57865821,,,1675.77,,1.0,,"[0, 38]",,GLI1,missense_variant,MODERATE,G,C,,
SNP_GATK_MODERATE_ZBTB6_chr9_125673949_T_A,U_IIICF_E6_A1,GATK,False,SNP,chr9,125673949,,,423.77,,0.5,,"[15, 12]",,ZBTB6,missense_variant,MODERATE,T,A,,
IND_GATK_MODERATE_TCF7L1_chr2_85360828_GGGC_G,U_IIICF_E6_A1,GATK,True,IND,chr2,85360828,,,818.73,,1.0,,"[0, 19]",,TCF7L1,inframe_deletion,MODERATE,GGGC,G,,
SNP_GATK_MODERATE_ZNF267_chr16_31925986_T_C,U_IIICF_E6_A1,GATK,True,SNP,chr16,31925986,,,574.77,,0.5,,"[10, 16]",,ZNF267,missense_variant,MODERATE,T,C,,
SNP_GATK_MODERATE_ATF6_chr1_161736209_T_C,U_IIICF_E6_A1,GATK,True,SNP,chr1,161736209,,,482.77,,0.5,,"[19, 16]",,ATF6,missense_variant,MODERATE,T,C,,
SNP_GATK_MODERATE_ARID3A_chr19_971949_G_A,U_IIICF_E6_A1,GATK,True,SNP,chr19,971949,,,585.73,,1.0,,"[0, 14]",,ARID3A,missense_variant,MODERATE,G,A,,
SNP_GATK_MODERATE_ZNF267_chr16_31927308_G_A,U_IIICF_E6_A1,GATK,True,SNP,chr16,31927308,,,412.77,,0.5,,"[14, 12]",,ZNF267,missense_variant,MODERATE,G,A,,
SNP_GATK_MODERATE_GLI1_chr12_57865321_G_A,U_IIICF_E6_A1,GATK,True,SNP,chr12,57865321,,,1146.77,,1.0,,"[0, 31]",,GLI1,missense_variant,MODERATE,G,A,,
SNP_GATK_HIGH_THRB_chr3_24536623_C_T,U_IIICF_E6_A1,GATK,False,SNP,chr3,24536623,,,1404.77,,0.5,,"[14, 38]",,THRB,splice_donor_variant,HIGH,C,T,,
SNP_GATK_MODERATE_ZNF280A_chr22_22868493_G_T,U_IIICF_E6_A1,GATK,True,SNP,chr22,22868493,,,1276.77,,1.0,,"[0, 28]",,ZNF280A,missense_variant,MODERATE,G,T,,
SNP_GATK_MODERATE_ZNF280A_chr22_22869548_T_C,U_IIICF_E6_A1,GATK,True,SNP,chr22,22869548,,,961.77,,1.0,,"[0, 22]",,ZNF280A,missense_variant,MODERATE,T,C,,
SNP_GATK_MODERATE_ZNF280A_chr22_22869742_C_A,U_IIICF_E6_A1,GATK,True,SNP,chr22,22869742,,,1153.77,,1.0,,"[0, 27]",,ZNF280A,missense_variant,MODERATE,C,A,,
SNP_GATK_MODERATE_ZNF280A_chr22_22868497_G_C,U_IIICF_E6_A1,GATK,True,SNP,chr22,22868497,,,1315.77,,1.0,,"[0, 29]",,ZNF280A,missense_variant,MODERATE,G,C,,
SNP_GATK_MODERATE_ZNF280A_chr22_22869123_T_C,U_IIICF_E6_A1,GATK,True,SNP,chr22,22869123,,,1215.77,,1.0,,"[0, 28]",,ZNF280A,missense_variant,MODERATE,T,C,,
SNP_GATK_MODERATE_ZNF280A_chr22_22869209_C_G,U_IIICF_E6_A1,GATK,True,SNP,chr22,22869209,,,1036.77,,1.0,,"[0, 24]",,ZNF280A,missense_variant,MODERATE,C,G,,
SNP_GATK_MODERATE_ZNF280A_chr22_22869545_T_G,U_IIICF_E6_A1,GATK,True,SNP,chr22,22869545,,,961.77,,1.0,,"[0, 22]",,ZNF280A,missense_variant,MODERATE,T,G,,
SNP_GATK_MODERATE_ZNF280A_chr22_22869218_T_C,U_IIICF_E6_A1,GATK,True,SNP,chr22,22869218,,,1090.77,,1.0,,"[0, 25]",,ZNF280A,missense_variant,MODERATE,T,C,,
SNP_GATK_MODERATE_ARID3A_chr19_971949_G_A,U_IIICF_T_C3,GATK,True,SNP,chr19,971949,,,675.73,,1.0,,"[0, 16]",,ARID3A,missense_variant,MODERATE,G,A,,
IND_GATK_MODERATE_ASCL1_chr12_103352171_C_CGCA,U_IIICF_T_C3,GATK,False,IND,chr12,103352171,,,376.73,,0.5,,"[4, 11]",,ASCL1,inframe_insertion,MODERATE,C,CGCA,,
SNP_GATK_MODERATE_ZNF280A_chr22_22868493_G_T,U_IIICF_T_C3,GATK,True,SNP,chr22,22868493,,,1318.77,,1.0,,"[0, 30]",,ZNF280A,missense_variant,MODERATE,G,T,,
SNP_GATK_HIGH_THRB_chr3_24536623_C_T,U_IIICF_T_C3,GATK,False,SNP,chr3,24536623,,,1232.77,,0.5,,"[18, 33]",,THRB,splice_donor_variant,HIGH,C,T,,
SNP_GATK_MODERATE_ZBTB6_chr9_125673949_T_A,U_IIICF_T_C3,GATK,False,SNP,chr9,125673949,,,676.77,,0.5,,"[12, 19]",,ZBTB6,missense_variant,MODERATE,T,A,,
SNP_GATK_MODERATE_ZNF280A_chr22_22869545_T_G,U_IIICF_T_C3,GATK,True,SNP,chr22,22869545,,,646.77,,1.0,,"[0, 15]",,ZNF280A,missense_variant,MODERATE,T,G,,
SNP_GATK_MODERATE_ZNF280A_chr22_22869218_T_C,U_IIICF_T_C3,GATK,True,SNP,chr22,22869218,,,1133.77,,1.0,,"[0, 25]",,ZNF280A,missense_variant,MODERATE,T,C,,
SNP_GATK_MODERATE_ATF6_chr1_161736209_T_C,U_IIICF_T_C3,GATK,True,SNP,chr1,161736209,,,519.77,,0.5,,"[20, 15]",,ATF6,missense_variant,MODERATE,T,C,,
SNP_GATK_MODERATE_ZNF280A_chr22_22869209_C_G,U_IIICF_T_C3,GATK,True,SNP,chr22,22869209,,,1130.77,,1.0,,"[0, 25]",,ZNF280A,missense_variant,MODERATE,C,G,,
SNP_GATK_MODERATE_ZNF280A_chr22_22869742_C_A,U_IIICF_T_C3,GATK,True,SNP,chr22,22869742,,,968.77,,1.0,,"[0, 24]",,ZNF280A,missense_variant,MODERATE,C,A,,
SNP_GATK_MODERATE_ZNF280A_chr22_22869548_T_C,U_IIICF_T_C3,GATK,True,SNP,chr22,22869548,,,646.77,,1.0,,"[0, 15]",,ZNF280A,missense_variant,MODERATE,T,C,,
SNP_GATK_MODERATE_ZNF280A_chr22_22869123_T_C,U_IIICF_T_C3,GATK,True,SNP,chr22,22869123,,,1163.77,,1.0,,"[0, 27]",,ZNF280A,missense_variant,MODERATE,T,C,,
SNP_GATK_MODERATE_ZNF267_chr16_31927308_G_A,U_IIICF_T_C3,GATK,True,SNP,chr16,31927308,,,569.77,,0.5,,"[17, 16]",,ZNF267,missense_variant,MODERATE,G,A,,
SNP_GATK_MODERATE_ZNF267_chr16_31926619_G_A,U_IIICF_T_C3,GATK,True,SNP,chr16,31926619,,,1849.77,,1.0,,"[0, 44]",,ZNF267,missense_variant,MODERATE,G,A,,
SNP_GATK_MODERATE_ZNF280A_chr22_22868497_G_C,U_IIICF_T_C3,GATK,True,SNP,chr22,22868497,,,1276.77,,1.0,,"[0, 29]",,ZNF280A,missense_variant,MODERATE,G,C,,
SNP_GATK_MODERATE_GLI1_chr12_57865321_G_A,U_IIICF_T_C3,GATK,True,SNP,chr12,57865321,,,1482.77,,1.0,,"[0, 38]",,GLI1,missense_variant,MODERATE,G,A,,
SNP_GATK_MODERATE_GLI1_chr12_57865821_G_C,U_IIICF_T_C3,GATK,True,SNP,chr12,57865821,,,1430.77,,1.0,,"[0, 35]",,GLI1,missense_variant,MODERATE,G,C,,
SNP_GATK_MODERATE_ZNF267_chr16_31925986_T_C,U_IIICF_T_C3,GATK,True,SNP,chr16,31925986,,,716.77,,0.5,,"[10, 19]",,ZNF267,missense_variant,MODERATE,T,C,,
IND_GATK_MODERATE_TCF7L1_chr2_85360828_GGGC_G,U_IIICF_T_C3,GATK,True,IND,chr2,85360828,,,1186.73,,1.0,,"[0, 29]",,TCF7L1,inframe_deletion,MODERATE,GGGC,G,,
SNP_GATK_MODERATE_ZNF280A_chr22_22869123_T_C,U_IIICF_d2,GATK,True,SNP,chr22,22869123,,,1958.77,,1.0,,"[0, 46]",,ZNF280A,missense_variant,MODERATE,T,C,,
SNP_GATK_MODERATE_ATF6_chr1_161736209_T_C,U_IIICF_d2,GATK,True,SNP,chr1,161736209,,,583.77,,0.5,,"[3, 16]",,ATF6,missense_variant,MODERATE,T,C,,
SNP_GATK_HIGH_THRB_chr3_24536623_C_T,U_IIICF_d2,GATK,False,SNP,chr3,24536623,,,465.77,,0.5,,"[15, 13]",,THRB,splice_donor_variant,HIGH,C,T,,
SNP_GATK_MODERATE_GLI1_chr12_57865321_G_A,U_IIICF_d2,GATK,True,SNP,chr12,57865321,,,501.77,,1.0,,"[0, 12]",,GLI1,missense_variant,MODERATE,G,A,,
SNP_GATK_MODERATE_ARID3A_chr19_971949_G_A,U_IIICF_d2,GATK,True,SNP,chr19,971949,,,740.73,,1.0,,"[0, 18]",,ARID3A,missense_variant,MODERATE,G,A,,
IND_GATK_MODERATE_ASCL1_chr12_103352171_C_CGCA,U_IIICF_d2,GATK,False,IND,chr12,103352171,,,456.73,,0.5,,"[3, 13]",,ASCL1,inframe_insertion,MODERATE,C,CGCA,,
SNP_GATK_MODERATE_GLI1_chr12_57865821_G_C,U_IIICF_d2,GATK,True,SNP,chr12,57865821,,,726.77,,1.0,,"[0, 17]",,GLI1,missense_variant,MODERATE,G,C,,
SNP_GATK_MODERATE_ZNF267_chr16_31927308_G_A,U_IIICF_d2,GATK,True,SNP,chr16,31927308,,,540.77,,0.5,,"[34, 21]",,ZNF267,missense_variant,MODERATE,G,A,,
SNP_GATK_MODERATE_ZNF267_chr16_31926619_G_A,U_IIICF_d2,GATK,True,SNP,chr16,31926619,,,2317.77,,1.0,,"[0, 54]",,ZNF267,missense_variant,MODERATE,G,A,,
SNP_GATK_MODERATE_ZNF280A_chr22_22869548_T_C,U_IIICF_d2,GATK,True,SNP,chr22,22869548,,,1366.77,,1.0,,"[0, 31]",,ZNF280A,missense_variant,MODERATE,T,C,,
SNP_GATK_MODERATE_ZNF267_chr16_31925986_T_C,U_IIICF_d2,GATK,True,SNP,chr16,31925986,,,509.77,,0.5,,"[26, 15]",,ZNF267,missense_variant,MODERATE,T,C,,
SNP_GATK_MODERATE_TCF7L1_chr2_85531104_G_C,U_IIICF_d2,GATK,False,SNP,chr2,85531104,,,68.77,,0.5,,"[23, 3]",,TCF7L1,missense_variant,MODERATE,G,C,,
SNP_GATK_MODERATE_TCF7L1_chr2_85531102_T_C,U_IIICF_d2,GATK,False,SNP,chr2,85531102,,,68.77,,0.5,,"[26, 6]",,TCF7L1,missense_variant,MODERATE,T,C,,
SNP_GATK_MODERATE_ZNF280A_chr22_22869545_T_G,U_IIICF_d2,GATK,True,SNP,chr22,22869545,,,1456.77,,1.0,,"[0, 30]",,ZNF280A,missense_variant,MODERATE,T,G,,
SNP_GATK_MODERATE_ZNF280A_chr22_22869218_T_C,U_IIICF_d2,GATK,True,SNP,chr22,22869218,,,1768.77,,1.0,,"[0, 39]",,ZNF280A,missense_variant,MODERATE,T,C,,
SNP_GATK_MODERATE_ZNF280A_chr22_22868493_G_T,U_IIICF_d2,GATK,True,SNP,chr22,22868493,,,1501.77,,1.0,,"[0, 34]",,ZNF280A,missense_variant,MODERATE,G,T,,
SNP_GATK_MODERATE_ZNF280A_chr22_22869209_C_G,U_IIICF_d2,GATK,True,SNP,chr22,22869209,,,1849.77,,1.0,,"[0, 39]",,ZNF280A,missense_variant,MODERATE,C,G,,
IND_GATK_MODERATE_TCF7L1_chr2_85360828_GGGC_G,U_IIICF_d2,GATK,True,IND,chr2,85360828,,,2199.73,,1.0,,"[0, 50]",,TCF7L1,inframe_deletion,MODERATE,GGGC,G,,
SNP_GATK_MODERATE_ZNF280A_chr22_22869742_C_A,U_IIICF_d2,GATK,True,SNP,chr22,22869742,,,1489.77,,1.0,,"[0, 35]",,ZNF280A,missense_variant,MODERATE,C,A,,
SNP_GATK_MODERATE_ZNF280A_chr22_22868497_G_C,U_IIICF_d2,GATK,True,SNP,chr22,22868497,,,1501.77,,1.0,,"[0, 34]",,ZNF280A,missense_variant,MODERATE,G,C,,
